{
  "input_file": "data\\first_complex.csv",
  "status": "success",
  "smoothing_parameters": {
    "window_arg": "auto",
    "window_nm_used": 35.30000000000001
  },
  "result": {
    "difference": 1.1301830105776887,
    "Q_percent": 2.503086437964707
  },
  "data_info": {
    "num_points": 1825,
    "x_range": [
      335.2,
      700.0
    ],
    "y_range": [
      36.64243,
      45.17631
    ]
  },
  "extrema": {
    "peak1": {
      "x": 402.0,
      "y": 45.15157740603859
    },
    "peak2": {
      "x": 500.2,
      "y": 41.90940537122219
    },
    "valley": {
      "x": 472.4,
      "y": 41.69706739697745
    }
  }
}