{
  "input_file": "data\\second_complex.csv.csv",
  "status": "success",
  "smoothing_parameters": {
    "window_arg": "auto",
    "window_nm_used": 36.900000000000006
  },
  "result": {
    "difference": 1.0652847361129076,
    "Q_percent": 2.368719189228403
  },
  "data_info": {
    "num_points": 1825,
    "x_range": [
      335.2,
      700.0
    ],
    "y_range": [
      36.23921,
      45.01965
    ]
  },
  "extrema": {
    "peak1": {
      "x": 400.6,
      "y": 44.9730276580365
    },
    "peak2": {
      "x": 496.4,
      "y": 41.34833839123348
    },
    "valley": {
      "x": 473.0,
      "y": 41.16841616914135
    }
  }
}