{
  "input_file": "data\\generated_spectrum.csv",
  "output_directory": "output\\generated_spectrum",
  "status": "success",
  "data_info": {
    "num_points": 501,
    "x_range": [
      300.0,
      800.0
    ],
    "y_range": [
      33.83003685052144,
      43.24727704992321
    ]
  },
  "smoothing_parameters": {
    "window_length": 11,
    "polyorder": 3
  },
  "extrema": {
    "peak1": {
      "x": 420.0,
      "y": 43.077938325603284,
      "derivative": 0.014193442661820273
    },
    "peak2": {
      "x": 548.0,
      "y": 41.39913052078321,
      "derivative": 0.011601733241401749
    },
    "valley": {
      "x": 486.0,
      "y": 39.818392206677196,
      "derivative": -0.02012211210900931
    }
  },
  "result": {
    "success": true,
    "difference": 2.393910844565738,
    "Q_percent": 5.557162059315457,
    "description": "Delta R и коэффициент Q (отношение Delta R к высоте первого пика)"
  }
}