Filename,Status,Auto_Window,Window_nm,Delta_R,Q_percent
first_complex.csv,success,auto,35.30000000000001,1.1301830105776887,2.503086437964707
generated_spectrum.csv,success,auto,31.5,2.367752627690649,5.504761800673536
generated_spectrum1.csv,success,auto,30.303030303030283,2.318041884317296,5.39307247351531
second_complex.csv.csv,success,auto,36.900000000000006,1.0652847361129076,2.368719189228403
