{
  "input_file": "data\\dataset_1.csv",
  "output_directory": "output\\dataset_1",
  "status": "success",
  "data_info": {
    "num_points": 77,
    "x_range": [
      320.0,
      700.0
    ],
    "y_range": [
      33.6,
      45.3
    ]
  },
  "smoothing_parameters": {
    "window_length": 11,
    "polyorder": 3
  },
  "extrema": {
    "peak1": {
      "x": 390.0,
      "y": 45.27249417249429,
      "derivative": 0.0007366542175320373
    },
    "peak2": {
      "x": 540.0,
      "y": 43.5885780885782,
      "derivative": 0.035279286902825654
    },
    "valley": {
      "x": 475.0,
      "y": 34.904428904429,
      "derivative": 0.04409491290621718
    }
  },
  "result": {
    "success": true,
    "difference": 9.41384615384618,
    "Q_percent": 20.793743145624273,
    "description": "Delta R и коэффициент Q (отношение Delta R к высоте первого пика)"
  }
}